<?xml version="1.0" encoding="UTF-8"?>
<metadata xml:lang="en"><Esri><CreaDate>20191203</CreaDate><CreaTime>11592800</CreaTime><ArcGISFormat>1.0</ArcGISFormat><ArcGISstyle>FGDC CSDGM Metadata</ArcGISstyle><SyncOnce>FALSE</SyncOnce><DataProperties><itemProps><itemLocation><linkage Sync="TRUE">file://\\files.pop.umn.edu\ipums\ipumsi\geography\gis\GIS_lev2\world_geolev2.shp</linkage><protocol Sync="TRUE">Local Area Network</protocol></itemLocation><itemName Sync="TRUE">world_geolev2</itemName><imsContentType Sync="TRUE">002</imsContentType><nativeExtBox><westBL Sync="TRUE">-180.000000</westBL><eastBL Sync="TRUE">180.000000</eastBL><southBL Sync="TRUE">-89.999983</southBL><northBL Sync="TRUE">83.633392</northBL><exTypeCode Sync="TRUE">1</exTypeCode></nativeExtBox><itemSize Sync="TRUE">461.844</itemSize></itemProps><copyHistory><copy source="Z:\ipumsi\geography\gis\IPUMSI_world_release2017" dest="\\files.pop.umn.edu\ipums\ipumsi\geography\gis\IPUMSI_world_release2017Copy" date="20180822" time="13454900"/></copyHistory><coordRef><type Sync="TRUE">Geographic</type><geogcsn Sync="TRUE">GCS_WGS_1984</geogcsn><csUnits Sync="TRUE">Angular Unit: Degree (0.017453)</csUnits><peXml Sync="TRUE">&lt;GeographicCoordinateSystem xsi:type='typens:GeographicCoordinateSystem' xmlns:xsi='http://www.w3.org/2001/XMLSchema-instance' xmlns:xs='http://www.w3.org/2001/XMLSchema' xmlns:typens='http://www.esri.com/schemas/ArcGIS/10.5'&gt;&lt;WKT&gt;GEOGCS[&amp;quot;GCS_WGS_1984&amp;quot;,DATUM[&amp;quot;D_WGS_1984&amp;quot;,SPHEROID[&amp;quot;WGS_1984&amp;quot;,6378137.0,298.257223563]],PRIMEM[&amp;quot;Greenwich&amp;quot;,0.0],UNIT[&amp;quot;Degree&amp;quot;,0.0174532925199433],AUTHORITY[&amp;quot;EPSG&amp;quot;,4326]]&lt;/WKT&gt;&lt;XOrigin&gt;-400&lt;/XOrigin&gt;&lt;YOrigin&gt;-400&lt;/YOrigin&gt;&lt;XYScale&gt;11258999068426.238&lt;/XYScale&gt;&lt;ZOrigin&gt;-100000&lt;/ZOrigin&gt;&lt;ZScale&gt;10000&lt;/ZScale&gt;&lt;MOrigin&gt;-100000&lt;/MOrigin&gt;&lt;MScale&gt;10000&lt;/MScale&gt;&lt;XYTolerance&gt;8.983152841195215e-009&lt;/XYTolerance&gt;&lt;ZTolerance&gt;0.001&lt;/ZTolerance&gt;&lt;MTolerance&gt;0.001&lt;/MTolerance&gt;&lt;HighPrecision&gt;true&lt;/HighPrecision&gt;&lt;LeftLongitude&gt;-180&lt;/LeftLongitude&gt;&lt;WKID&gt;4326&lt;/WKID&gt;&lt;LatestWKID&gt;4326&lt;/LatestWKID&gt;&lt;/GeographicCoordinateSystem&gt;</peXml></coordRef><lineage><Process ToolSource="c:\program files (x86)\arcgis\desktop10.2\ArcToolbox\Toolboxes\Data Management Tools.tbx\CalculateField" Date="20151123" Time="161250" Name="" export="">CalculateField World_countries Continent Africa VB #</Process><Process ToolSource="c:\program files (x86)\arcgis\desktop10.5\ArcToolbox\Toolboxes\Data Management Tools.tbx\Merge" Date="20180823" Time="113213" Name="" export="">Merge working_geolev0;dummy Z:\ipumsi\geography\gis\GIS_lev2\working_geolev2_2018.shp "OBJECTID "OBJECTID" true true false 10 Long 0 10 ,First,#,working_geolev0,OBJECTID,-1,-1;CNTRY_NAME "CNTRY_NAME" true true false 254 Text 0 0 ,First,#,working_geolev0,CNTRY_NAME,-1,-1,dummy,CNTRY_NAME,-1,-1;CNTRY_CODE "CNTRY_CODE" true true false 4 Text 0 0 ,First,#,working_geolev0,CNTRY_CODE,-1,-1,dummy,CNTRY_CODE,-1,-1;BPL_CODE "BPL_CODE" true true false 19 Double 0 0 ,First,#,working_geolev0,BPL_CODE,-1,-1;ADMIN_NAME "ADMIN_NAME" true true false 250 Text 0 0 ,First,#,dummy,ADMIN_NAME,-1,-1;GEOLEVEL2 "GEOLEVEL2" true true false 10 Text 0 0 ,First,#,dummy,GEOLEVEL2,-1,-1;PARENT "PARENT" true true false 10 Text 0 0 ,First,#,dummy,PARENT,-1,-1"</Process><Process ToolSource="c:\program files (x86)\arcgis\desktop10.5\ArcToolbox\Toolboxes\Data Management Tools.tbx\CalculateField" Date="20180823" Time="114225" Name="" export="">CalculateField working_geolev2_2018 BPL_CODE 23010 VB #</Process><Process ToolSource="c:\program files (x86)\arcgis\desktop10.5\ArcToolbox\Toolboxes\Data Management Tools.tbx\CalculateField" Date="20180823" Time="114313" Name="" export="">CalculateField working_geolev2_2018 BPL_CODE 44010 VB #</Process><Process ToolSource="c:\program files (x86)\arcgis\desktop10.5\ArcToolbox\Toolboxes\Data Management Tools.tbx\CalculateField" Date="20180823" Time="114421" Name="" export="">CalculateField working_geolev2_2018 BPL_CODE 32020 VB #</Process><Process ToolSource="c:\program files (x86)\arcgis\desktop10.5\ArcToolbox\Toolboxes\Data Management Tools.tbx\CalculateField" Date="20180823" Time="114505" Name="" export="">CalculateField working_geolev2_2018 BPL_CODE 15010 VB #</Process><Process ToolSource="c:\program files (x86)\arcgis\desktop10.5\ArcToolbox\Toolboxes\Data Management Tools.tbx\CalculateField" Date="20180823" Time="114548" Name="" export="">CalculateField working_geolev2_2018 BPL_CODE 23020 VB #</Process><Process ToolSource="c:\program files (x86)\arcgis\desktop10.5\ArcToolbox\Toolboxes\Data Management Tools.tbx\CalculateField" Date="20180823" Time="114843" Name="" export="">CalculateField working_geolev2_2018 BPL_CODE 23030 VB #</Process><Process ToolSource="c:\program files (x86)\arcgis\desktop10.5\ArcToolbox\Toolboxes\Data Management Tools.tbx\CalculateField" Date="20180823" Time="115006" Name="" export="">CalculateField working_geolev2_2018 BPL_CODE 15020 VB #</Process><Process ToolSource="c:\program files (x86)\arcgis\desktop10.5\ArcToolbox\Toolboxes\Data Management Tools.tbx\CalculateField" Date="20180823" Time="115121" Name="" export="">CalculateField working_geolev2_2018 BPL_CODE 33020 VB #</Process><Process ToolSource="c:\program files (x86)\arcgis\desktop10.5\ArcToolbox\Toolboxes\Data Management Tools.tbx\CalculateField" Date="20180823" Time="115207" Name="" export="">CalculateField working_geolev2_2018 BPL_CODE 12020 VB #</Process><Process ToolSource="c:\program files (x86)\arcgis\desktop10.5\ArcToolbox\Toolboxes\Data Management Tools.tbx\CalculateField" Date="20180823" Time="115316" Name="" export="">CalculateField working_geolev2_2018 BPL_CODE 23040 VB #</Process><Process ToolSource="c:\program files (x86)\arcgis\desktop10.5\ArcToolbox\Toolboxes\Data Management Tools.tbx\CalculateField" Date="20180823" Time="115414" Name="" export="">CalculateField working_geolev2_2018 BPL_CODE 31010 VB #</Process><Process ToolSource="c:\program files (x86)\arcgis\desktop10.5\ArcToolbox\Toolboxes\Data Management Tools.tbx\CalculateField" Date="20180823" Time="115545" Name="" export="">CalculateField working_geolev2_2018 BPL_CODE 23050 VB #</Process><Process ToolSource="c:\program files (x86)\arcgis\desktop10.5\ArcToolbox\Toolboxes\Data Management Tools.tbx\CalculateField" Date="20180823" Time="115703" Name="" export="">CalculateField working_geolev2_2018 BPL_CODE 22020 VB #</Process><Process ToolSource="c:\program files (x86)\arcgis\desktop10.5\ArcToolbox\Toolboxes\Data Management Tools.tbx\CalculateField" Date="20180823" Time="115745" Name="" export="">CalculateField working_geolev2_2018 BPL_CODE 21080 VB #</Process><Process ToolSource="c:\program files (x86)\arcgis\desktop10.5\ArcToolbox\Toolboxes\Data Management Tools.tbx\CalculateField" Date="20180823" Time="115838" Name="" export="">CalculateField working_geolev2_2018 BPL_CODE 21100 VB #</Process><Process ToolSource="c:\program files (x86)\arcgis\desktop10.5\ArcToolbox\Toolboxes\Data Management Tools.tbx\CalculateField" Date="20180823" Time="115924" Name="" export="">CalculateField working_geolev2_2018 BPL_CODE 23060 VB #</Process><Process ToolSource="c:\program files (x86)\arcgis\desktop10.5\ArcToolbox\Toolboxes\Data Management Tools.tbx\CalculateField" Date="20180823" Time="120021" Name="" export="">CalculateField working_geolev2_2018 BPL_CODE 13020 VB #</Process><Process ToolSource="c:\program files (x86)\arcgis\desktop10.5\ArcToolbox\Toolboxes\Data Management Tools.tbx\CalculateField" Date="20180823" Time="120121" Name="" export="">CalculateField working_geolev2_2018 BPL_CODE 22030 VB #</Process><Process ToolSource="c:\program files (x86)\arcgis\desktop10.5\ArcToolbox\Toolboxes\Data Management Tools.tbx\CalculateField" Date="20180823" Time="120205" Name="" export="">CalculateField working_geolev2_2018 BPL_CODE 11050 VB #</Process><Process ToolSource="c:\program files (x86)\arcgis\desktop10.5\ArcToolbox\Toolboxes\Data Management Tools.tbx\CalculateField" Date="20180823" Time="120238" Name="" export="">CalculateField working_geolev2_2018 BPL_CODE 52010 VB #</Process><Process ToolSource="c:\program files (x86)\arcgis\desktop10.5\ArcToolbox\Toolboxes\Data Management Tools.tbx\CalculateField" Date="20180823" Time="120335" Name="" export="">CalculateField working_geolev2_2018 BPL_CODE 15060 VB #</Process><Process ToolSource="c:\program files (x86)\arcgis\desktop10.5\ArcToolbox\Toolboxes\Data Management Tools.tbx\CalculateField" Date="20180823" Time="120438" Name="" export="">CalculateField working_geolev2_2018 BPL_CODE 43060 VB #</Process><Process ToolSource="c:\program files (x86)\arcgis\desktop10.5\ArcToolbox\Toolboxes\Data Management Tools.tbx\CalculateField" Date="20180823" Time="120618" Name="" export="">CalculateField working_geolev2_2018 BPL_CODE 15070 VB #</Process><Process ToolSource="c:\program files (x86)\arcgis\desktop10.5\ArcToolbox\Toolboxes\Data Management Tools.tbx\CalculateField" Date="20180823" Time="120757" Name="" export="">CalculateField working_geolev2_2018 BPL_CODE 21130 VB #</Process><Process ToolSource="c:\program files (x86)\arcgis\desktop10.5\ArcToolbox\Toolboxes\Data Management Tools.tbx\CalculateField" Date="20180823" Time="120930" Name="" export="">CalculateField working_geolev2_2018 BPL_CODE 22050 VB #</Process><Process ToolSource="c:\program files (x86)\arcgis\desktop10.5\ArcToolbox\Toolboxes\Data Management Tools.tbx\CalculateField" Date="20180823" Time="121121" Name="" export="">CalculateField working_geolev2_2018 BPL_CODE 32040 VB #</Process><Process ToolSource="c:\program files (x86)\arcgis\desktop10.5\ArcToolbox\Toolboxes\Data Management Tools.tbx\CalculateField" Date="20180823" Time="121436" Name="" export="">CalculateField working_geolev2_2018 BPL_CODE 33040 VB #</Process><Process ToolSource="c:\program files (x86)\arcgis\desktop10.5\ArcToolbox\Toolboxes\Data Management Tools.tbx\CalculateField" Date="20180823" Time="121725" Name="" export="">CalculateField working_geolev2_2018 BPL_CODE 32050 VB #</Process><Process ToolSource="c:\program files (x86)\arcgis\desktop10.5\ArcToolbox\Toolboxes\Data Management Tools.tbx\CalculateField" Date="20180823" Time="121816" Name="" export="">CalculateField working_geolev2_2018 BPL_CODE 34060 VB #</Process><Process ToolSource="c:\program files (x86)\arcgis\desktop10.5\ArcToolbox\Toolboxes\Data Management Tools.tbx\CalculateField" Date="20180823" Time="121853" Name="" export="">CalculateField working_geolev2_2018 BPL_CODE 34070 VB #</Process><Process ToolSource="c:\program files (x86)\arcgis\desktop10.5\ArcToolbox\Toolboxes\Data Management Tools.tbx\CalculateField" Date="20180823" Time="121932" Name="" export="">CalculateField working_geolev2_2018 BPL_CODE 34080 VB #</Process><Process ToolSource="c:\program files (x86)\arcgis\desktop10.5\ArcToolbox\Toolboxes\Data Management Tools.tbx\CalculateField" Date="20180823" Time="122011" Name="" export="">CalculateField working_geolev2_2018 BPL_CODE 11060 VB #</Process><Process ToolSource="c:\program files (x86)\arcgis\desktop10.5\ArcToolbox\Toolboxes\Data Management Tools.tbx\CalculateField" Date="20180823" Time="122054" Name="" export="">CalculateField working_geolev2_2018 BPL_CODE 32070 VB #</Process><Process ToolSource="c:\program files (x86)\arcgis\desktop10.5\ArcToolbox\Toolboxes\Data Management Tools.tbx\CalculateField" Date="20180823" Time="122136" Name="" export="">CalculateField working_geolev2_2018 BPL_CODE 14020 VB #</Process><Process ToolSource="c:\program files (x86)\arcgis\desktop10.5\ArcToolbox\Toolboxes\Data Management Tools.tbx\CalculateField" Date="20180823" Time="122213" Name="" export="">CalculateField working_geolev2_2018 BPL_CODE 15090 VB #</Process><Process ToolSource="c:\program files (x86)\arcgis\desktop10.5\ArcToolbox\Toolboxes\Data Management Tools.tbx\CalculateField" Date="20180823" Time="122323" Name="" export="">CalculateField working_geolev2_2018 BPL_CODE 11080 VB #</Process><Process ToolSource="c:\program files (x86)\arcgis\desktop10.5\ArcToolbox\Toolboxes\Data Management Tools.tbx\CalculateField" Date="20180823" Time="122410" Name="" export="">CalculateField working_geolev2_2018 BPL_CODE 33060 VB #</Process><Process ToolSource="c:\program files (x86)\arcgis\desktop10.5\ArcToolbox\Toolboxes\Data Management Tools.tbx\CalculateField" Date="20180823" Time="122451" Name="" export="">CalculateField working_geolev2_2018 BPL_CODE 15100 VB #</Process><Process ToolSource="c:\program files (x86)\arcgis\desktop10.5\ArcToolbox\Toolboxes\Data Management Tools.tbx\CalculateField" Date="20180823" Time="123635" Name="" export="">CalculateField working_geolev2_2018 BPL_CODE 22060 VB #</Process><Process ToolSource="c:\program files (x86)\arcgis\desktop10.5\ArcToolbox\Toolboxes\Data Management Tools.tbx\CalculateField" Date="20180823" Time="124752" Name="" export="">CalculateField working_geolev2_2018 BPL_CODE 31040 VB #</Process><Process ToolSource="c:\program files (x86)\arcgis\desktop10.5\ArcToolbox\Toolboxes\Data Management Tools.tbx\CalculateField" Date="20180823" Time="124842" Name="" export="">CalculateField working_geolev2_2018 BPL_CODE 13040 VB #</Process><Process ToolSource="c:\program files (x86)\arcgis\desktop10.5\ArcToolbox\Toolboxes\Data Management Tools.tbx\CalculateField" Date="20180823" Time="124941" Name="" export="">CalculateField working_geolev2_2018 BPL_CODE 11100 VB #</Process><Process ToolSource="c:\program files (x86)\arcgis\desktop10.5\ArcToolbox\Toolboxes\Data Management Tools.tbx\CalculateField" Date="20180823" Time="131114" Name="" export="">CalculateField working_geolev2_2018 BPL_CODE 32090 VB #</Process><Process ToolSource="c:\program files (x86)\arcgis\desktop10.5\ArcToolbox\Toolboxes\Data Management Tools.tbx\CalculateField" Date="20180823" Time="131207" Name="" export="">CalculateField working_geolev2_2018 BPL_CODE 22070 VB #</Process><Process ToolSource="c:\program files (x86)\arcgis\desktop10.5\ArcToolbox\Toolboxes\Data Management Tools.tbx\CalculateField" Date="20180823" Time="131443" Name="" export="">CalculateField working_geolev2_2018 BPL_CODE 15130 VB #</Process><Process ToolSource="c:\program files (x86)\arcgis\desktop10.5\ArcToolbox\Toolboxes\Data Management Tools.tbx\CalculateField" Date="20180823" Time="131535" Name="" export="">CalculateField working_geolev2_2018 BPL_CODE 32100 VB #</Process><Process ToolSource="c:\program files (x86)\arcgis\desktop10.5\ArcToolbox\Toolboxes\Data Management Tools.tbx\CalculateField" Date="20180823" Time="131619" Name="" export="">CalculateField working_geolev2_2018 BPL_CODE 22080 VB #</Process><Process ToolSource="c:\program files (x86)\arcgis\desktop10.5\ArcToolbox\Toolboxes\Data Management Tools.tbx\CalculateField" Date="20180823" Time="131749" Name="" export="">CalculateField working_geolev2_2018 BPL_CODE 52030 VB #</Process><Process ToolSource="c:\program files (x86)\arcgis\desktop10.5\ArcToolbox\Toolboxes\Data Management Tools.tbx\CalculateField" Date="20180823" Time="131835" Name="" export="">CalculateField working_geolev2_2018 BPL_CODE 23100 VB #</Process><Process ToolSource="c:\program files (x86)\arcgis\desktop10.5\ArcToolbox\Toolboxes\Data Management Tools.tbx\CalculateField" Date="20180823" Time="131942" Name="" export="">CalculateField working_geolev2_2018 BPL_CODE 23110 VB #</Process><Process ToolSource="c:\program files (x86)\arcgis\desktop10.5\ArcToolbox\Toolboxes\Data Management Tools.tbx\CalculateField" Date="20180823" Time="132336" Name="" export="">CalculateField working_geolev2_2018 BPL_CODE 33080 VB #</Process><Process ToolSource="c:\program files (x86)\arcgis\desktop10.5\ArcToolbox\Toolboxes\Data Management Tools.tbx\CalculateField" Date="20180823" Time="132509" Name="" export="">CalculateField working_geolev2_2018 BPL_CODE 11120 VB #</Process><Process ToolSource="c:\program files (x86)\arcgis\desktop10.5\ArcToolbox\Toolboxes\Data Management Tools.tbx\CalculateField" Date="20180823" Time="132550" Name="" export="">CalculateField working_geolev2_2018 BPL_CODE 15150 VB #</Process><Process ToolSource="c:\program files (x86)\arcgis\desktop10.5\ArcToolbox\Toolboxes\Data Management Tools.tbx\CalculateField" Date="20180823" Time="132645" Name="" export="">CalculateField working_geolev2_2018 BPL_CODE 15160 VB #</Process><Process ToolSource="c:\program files (x86)\arcgis\desktop10.5\ArcToolbox\Toolboxes\Data Management Tools.tbx\CalculateField" Date="20180823" Time="132744" Name="" export="">CalculateField working_geolev2_2018 BPL_CODE 14040 VB #</Process><Process ToolSource="c:\program files (x86)\arcgis\desktop10.5\ArcToolbox\Toolboxes\Data Management Tools.tbx\CalculateField" Date="20180823" Time="132837" Name="" export="">CalculateField working_geolev2_2018 BPL_CODE 11150 VB #</Process><Process ToolSource="c:\program files (x86)\arcgis\desktop10.5\ArcToolbox\Toolboxes\Data Management Tools.tbx\CalculateField" Date="20180823" Time="133009" Name="" export="">CalculateField working_geolev2_2018 BPL_CODE 43120 VB #</Process><Process ToolSource="c:\program files (x86)\arcgis\desktop10.5\ArcToolbox\Toolboxes\Data Management Tools.tbx\CalculateField" Date="20180823" Time="133124" Name="" export="">CalculateField working_geolev2_2018 BPL_CODE 13050 VB #</Process><Process ToolSource="c:\program files (x86)\arcgis\desktop10.5\ArcToolbox\Toolboxes\Data Management Tools.tbx\CalculateField" Date="20180823" Time="133225" Name="" export="">CalculateField working_geolev2_2018 BPL_CODE 11170 VB #</Process><Process ToolSource="c:\program files (x86)\arcgis\desktop10.5\ArcToolbox\Toolboxes\Data Management Tools.tbx\CalculateField" Date="20180823" Time="133439" Name="" export="">CalculateField working_geolev2_2018 BPL_CODE 33100 VB #</Process><Process ToolSource="c:\program files (x86)\arcgis\desktop10.5\ArcToolbox\Toolboxes\Data Management Tools.tbx\CalculateField" Date="20180823" Time="133542" Name="" export="">CalculateField working_geolev2_2018 BPL_CODE 34160 VB #</Process><Process ToolSource="c:\program files (x86)\arcgis\desktop10.5\ArcToolbox\Toolboxes\Data Management Tools.tbx\CalculateField" Date="20180823" Time="133631" Name="" export="">CalculateField working_geolev2_2018 BPL_CODE 11160 VB #</Process><Process ToolSource="c:\program files (x86)\arcgis\desktop10.5\ArcToolbox\Toolboxes\Data Management Tools.tbx\CalculateField" Date="20180823" Time="133903" Name="" export="">CalculateField working_geolev2_2018 BPL_CODE 41100 VB #</Process><Process ToolSource="c:\program files (x86)\arcgis\desktop10.5\ArcToolbox\Toolboxes\Data Management Tools.tbx\CalculateField" Date="20180823" Time="134114" Name="" export="">CalculateField working_geolev2_2018 BPL_CODE 24040 VB #</Process><Process ToolSource="c:\program files (x86)\arcgis\desktop10.5\ArcToolbox\Toolboxes\Data Management Tools.tbx\CalculateField" Date="20180823" Time="134233" Name="" export="">CalculateField working_geolev2_2018 BPL_CODE 23130 VB #</Process><Process ToolSource="c:\program files (x86)\arcgis\desktop10.5\ArcToolbox\Toolboxes\Data Management Tools.tbx\CalculateField" Date="20180823" Time="134348" Name="" export="">CalculateField working_geolev2_2018 BPL_CODE 23140 VB #</Process><Process ToolSource="c:\program files (x86)\arcgis\desktop10.5\ArcToolbox\Toolboxes\Data Management Tools.tbx\CalculateField" Date="20180823" Time="134553" Name="" export="">CalculateField working_geolev2_2018 BPL_CODE 33110 VB #</Process><Process ToolSource="c:\program files (x86)\arcgis\desktop10.5\ArcToolbox\Toolboxes\Data Management Tools.tbx\CalculateField" Date="20180823" Time="134705" Name="" export="">CalculateField working_geolev2_2018 BPL_CODE 11180 VB #</Process><Process ToolSource="c:\program files (x86)\arcgis\desktop10.5\ArcToolbox\Toolboxes\Data Management Tools.tbx\CalculateField" Date="20180823" Time="134750" Name="" export="">CalculateField working_geolev2_2018 BPL_CODE 11180 VB #</Process><Process ToolSource="c:\program files (x86)\arcgis\desktop10.5\ArcToolbox\Toolboxes\Data Management Tools.tbx\CalculateField" Date="20180823" Time="134815" Name="" export="">CalculateField working_geolev2_2018 BPL_CODE 11190 VB #</Process><Process ToolSource="c:\program files (x86)\arcgis\desktop10.5\ArcToolbox\Toolboxes\Data Management Tools.tbx\CalculateField" Date="20180823" Time="151157" Name="" export="">CalculateField working_geolev2_2018 ADMIN [ADMIN_NAME] VB #</Process><Process ToolSource="c:\program files (x86)\arcgis\desktop10.5\ArcToolbox\Toolboxes\Data Management Tools.tbx\CalculateField" Date="20180823" Time="152202" Name="" export="">CalculateField working_geolev2_2018 CNTRY [CNTRY_CODE] VB #</Process><Process ToolSource="c:\program files (x86)\arcgis\desktop10.5\ArcToolbox\Toolboxes\Data Management Tools.tbx\CalculateField" Date="20180823" Time="153309" Name="" export="">CalculateField working_geolev2_2018 GEO [GEOLEVEL2] VB #</Process><Process ToolSource="c:\program files (x86)\arcgis\desktop10.5\ArcToolbox\Toolboxes\Data Management Tools.tbx\CalculateField" Date="20180823" Time="154324" Name="" export="">CalculateField working_geolev2_2018 BPL [BPL_CODE] VB #</Process><Process ToolSource="c:\program files (x86)\arcgis\desktop10.5\ArcToolbox\Toolboxes\Data Management Tools.tbx\CalculateField" Date="20180823" Time="155458" Name="" export="">CalculateField working_geolev2_2018 ADMIN_NAME [ADMIN] VB #</Process><Process ToolSource="c:\program files (x86)\arcgis\desktop10.5\ArcToolbox\Toolboxes\Data Management Tools.tbx\CalculateField" Date="20180823" Time="160545" Name="" export="">CalculateField working_geolev2_2018 CNTRY_CODE [CNTRY] VB #</Process><Process ToolSource="c:\program files (x86)\arcgis\desktop10.5\ArcToolbox\Toolboxes\Data Management Tools.tbx\CalculateField" Date="20180823" Time="161630" Name="" export="">CalculateField working_geolev2_2018 GEOLEVEL2 [GEO] VB #</Process><Process ToolSource="c:\program files (x86)\arcgis\desktop10.5\ArcToolbox\Toolboxes\Data Management Tools.tbx\CalculateField" Date="20180823" Time="162753" Name="" export="">CalculateField working_geolev2_2018 BPL_CODE [BPL] VB #</Process></lineage></DataProperties><SyncDate>20180828</SyncDate><SyncTime>12032800</SyncTime><ModDate>20180828</ModDate><ModTime>12032800</ModTime><scaleRange><minScale>150000000</minScale><maxScale>5000</maxScale></scaleRange><ArcGISProfile>ItemDescription</ArcGISProfile></Esri><dataIdInfo><envirDesc Sync="TRUE"> Version 6.2 (Build 9200) ; Esri ArcGIS 10.5.1.7333</envirDesc><dataLang><languageCode value="eng" Sync="TRUE"/><countryCode value="USA" Sync="TRUE"/></dataLang><idCitation><resTitle Sync="TRUE">world_geolev2</resTitle><presForm><PresFormCd value="005" Sync="TRUE"/></presForm></idCitation><spatRpType><SpatRepTypCd value="001" Sync="TRUE"/></spatRpType><dataExt><geoEle xmlns=""><GeoBndBox esriExtentType="search"><exTypeCode Sync="TRUE">1</exTypeCode><westBL Sync="TRUE">-180.000000</westBL><eastBL Sync="TRUE">180.000000</eastBL><northBL Sync="TRUE">83.633392</northBL><southBL Sync="TRUE">-89.999983</southBL></GeoBndBox></geoEle></dataExt><idPurp>A single world map file including the second major administrative unit in which the household was enumerated for the IPUMS-International data. This shape file incorporates the second level of geography for every IPUMS-International country, to enable cross-national geographic analysis over time. The attribute data reflects the codes that are found in the GEOLEV2 variable (international.ipums.org).</idPurp><idAbs>&lt;DIV STYLE="text-align:Left;"&gt;&lt;DIV&gt;&lt;DIV&gt;&lt;P&gt;&lt;SPAN&gt;&lt;SPAN&gt;Second level of geography for the IPUMS-International Countries.&lt;/SPAN&gt;&lt;/SPAN&gt;&lt;/P&gt;&lt;/DIV&gt;&lt;/DIV&gt;&lt;/DIV&gt;</idAbs><idCredit>Funding provided by National Science Foundation and National Institutes of Health. Microdata including geographic codes provided by national statistical offices of the partner countries.  </idCredit><searchKeys><keyword>Human Dimensions &gt; Boundaries &gt; Administrative Divisions</keyword><keyword>WORLD</keyword></searchKeys><resConst><Consts><useLimit>&lt;DIV STYLE="text-align:Left;"&gt;&lt;P STYLE="font-size:16ptmargin:7 0 7 0;"&gt;&lt;SPAN&gt;&lt;SPAN&gt;IPUMS International data are available free of charge, but their use imposes responsibilities upon the user. To access the data, a prospective user must submit an electronic authorization form identifying the user by name, electronic address, and institutional affiliation. All persons are granted a limited license to use and distribute this documentation and the available data, subject to the legal constraints listed below. IPUMS International boundary data are intended for use as visual representation and statistical analysis. The boundaries do not necessarily reflect exact political delineations.&lt;/SPAN&gt;&lt;/SPAN&gt;&lt;/P&gt;&lt;DIV&gt;&lt;P&gt;&lt;SPAN /&gt;&lt;/P&gt;&lt;/DIV&gt;&lt;/DIV&gt;</useLimit></Consts></resConst></dataIdInfo><mdLang><languageCode value="eng" Sync="TRUE"/><countryCode value="USA" Sync="TRUE"/></mdLang><mdChar><CharSetCd value="004" Sync="TRUE"/></mdChar><distInfo><distFormat><formatName Sync="TRUE">Shapefile</formatName></distFormat><distTranOps><transSize Sync="TRUE">461.844</transSize></distTranOps></distInfo><mdHrLv><ScopeCd value="005" Sync="TRUE"/></mdHrLv><mdHrLvName Sync="TRUE">dataset</mdHrLvName><refSysInfo><RefSystem><refSysID><identCode code="4326" Sync="TRUE"/><idCodeSpace Sync="TRUE">EPSG</idCodeSpace><idVersion Sync="TRUE">6.14(3.0.1)</idVersion></refSysID></RefSystem></refSysInfo><spatRepInfo><VectSpatRep><geometObjs Name="world_geolev2"><geoObjTyp><GeoObjTypCd value="002" Sync="TRUE"></GeoObjTypCd></geoObjTyp><geoObjCnt Sync="TRUE">16437</geoObjCnt></geometObjs><topLvl><TopoLevCd value="001" Sync="TRUE"></TopoLevCd></topLvl></VectSpatRep></spatRepInfo><spdoinfo><ptvctinf><esriterm Name="world_geolev2"><efeatyp Sync="TRUE">Simple</efeatyp><efeageom code="4" Sync="TRUE"></efeageom><esritopo Sync="TRUE">FALSE</esritopo><efeacnt Sync="TRUE">16437</efeacnt><spindex Sync="TRUE">TRUE</spindex><linrefer Sync="TRUE">FALSE</linrefer></esriterm></ptvctinf></spdoinfo><eainfo><detailed Name="world_geolev2"><enttyp><enttypl Sync="TRUE">world_geolev2</enttypl><enttypt Sync="TRUE">Feature Class</enttypt><enttypc Sync="TRUE">16437</enttypc></enttyp><attr><attrlabl Sync="TRUE">FID</attrlabl><attalias Sync="TRUE">FID</attalias><attrtype Sync="TRUE">OID</attrtype><attwidth Sync="TRUE">4</attwidth><atprecis Sync="TRUE">0</atprecis><attscale Sync="TRUE">0</attscale><attrdef Sync="TRUE">Internal feature number.</attrdef><attrdefs Sync="TRUE">Esri</attrdefs><attrdomv><udom Sync="TRUE">Sequential unique whole numbers that are automatically generated.</udom></attrdomv></attr><attr><attrlabl Sync="TRUE">Shape</attrlabl><attalias Sync="TRUE">Shape</attalias><attrtype Sync="TRUE">Geometry</attrtype><attwidth Sync="TRUE">0</attwidth><atprecis Sync="TRUE">0</atprecis><attscale Sync="TRUE">0</attscale><attrdef Sync="TRUE">Feature geometry.</attrdef><attrdefs Sync="TRUE">Esri</attrdefs><attrdomv><udom Sync="TRUE">Coordinates defining the features.</udom></attrdomv></attr><attr><attrlabl Sync="TRUE">CNTRY_NAME</attrlabl><attalias Sync="TRUE">CNTRY_NAME</attalias><attrtype Sync="TRUE">String</attrtype><attwidth Sync="TRUE">254</attwidth><atprecis Sync="TRUE">0</atprecis><attscale Sync="TRUE">0</attscale></attr><attr><attrlabl Sync="TRUE">CNTRY_CODE</attrlabl><attalias Sync="TRUE">CNTRY_CODE</attalias><attrtype Sync="TRUE">String</attrtype><attwidth Sync="TRUE">4</attwidth><atprecis Sync="TRUE">0</atprecis><attscale Sync="TRUE">0</attscale></attr><attr><attrlabl Sync="TRUE">BPL_CODE</attrlabl><attalias Sync="TRUE">BPL_CODE</attalias><attrtype Sync="TRUE">Double</attrtype><attwidth Sync="TRUE">19</attwidth><atprecis Sync="TRUE">0</atprecis><attscale Sync="TRUE">0</attscale></attr><attr><attrlabl Sync="TRUE">ADMIN_NAME</attrlabl><attalias Sync="TRUE">ADMIN_NAME</attalias><attrtype Sync="TRUE">String</attrtype><attwidth Sync="TRUE">250</attwidth><atprecis Sync="TRUE">0</atprecis><attscale Sync="TRUE">0</attscale></attr><attr><attrlabl Sync="TRUE">GEOLEVEL2</attrlabl><attalias Sync="TRUE">GEOLEVEL2</attalias><attrtype Sync="TRUE">String</attrtype><attwidth Sync="TRUE">10</attwidth><atprecis Sync="TRUE">0</atprecis><attscale Sync="TRUE">0</attscale></attr></detailed></eainfo><mdDateSt Sync="TRUE">20180828</mdDateSt></metadata>
